{"cameraMode":{"drawMode":0,"name":"Shaded","section":"Shading Mode"},"sceneLighting":false,"audioPlay":false,"sceneViewState":{"showFog":true,"showMaterialUpdate":false,"showSkybox":false,"showFlares":true,"showImageEffects":true,"showParticleSystems":true},"in2DMode":false,"pivot":{"x":0.000002682209014892578,"y":0.9527428150177002,"z":-0.1419040709733963},"rotation":{"x":0.002865237882360816,"y":0.9969728589057922,"z":-0.04520339518785477,"w":0.06319378316402435},"size":4.727522373199463,"orthographic":false}